source_id,group,independent_unit,original_url,original_member,excerpt_start_seconds,duration_seconds,sample_rate,prepared_reference_sha256,reference_path,selection
musdb_00,public_music,AM Contra - Heart Peripheral.stem,https://github.com/sigsep/sigsep-mus-db/releases/download/v0.4.0/MUSDB18-7-STEMS.zip,test/AM Contra - Heart Peripheral.stem.mp4,0.0,6.8,44100,4200cb0df43c62bf346bac131d59e7adca9b2a26f29c92ee57bb1d4f008e7501,data/references/musdb_00.wav,all test tracks; mixture stream0; mono arithmetic mean; first7s
musdb_01,public_music,Al James - Schoolboy Facination.stem,https://github.com/sigsep/sigsep-mus-db/releases/download/v0.4.0/MUSDB18-7-STEMS.zip,test/Al James - Schoolboy Facination.stem.mp4,0.0,6.8,44100,e0345d38d44244f229c453912bc5963aab663ece779372b33303475c4175d664,data/references/musdb_01.wav,all test tracks; mixture stream0; mono arithmetic mean; first7s
musdb_02,public_music,Angels In Amplifiers - I'm Alright.stem,https://github.com/sigsep/sigsep-mus-db/releases/download/v0.4.0/MUSDB18-7-STEMS.zip,test/Angels In Amplifiers - I'm Alright.stem.mp4,0.0,6.8,44100,175e9294ea835853a62df8df88e487d994d496404a7cb7c46945ee0502ddc362,data/references/musdb_02.wav,all test tracks; mixture stream0; mono arithmetic mean; first7s
musdb_03,public_music,Arise - Run Run Run.stem,https://github.com/sigsep/sigsep-mus-db/releases/download/v0.4.0/MUSDB18-7-STEMS.zip,test/Arise - Run Run Run.stem.mp4,0.0,6.8,44100,43a3720ebf0471a3476093a3b307a229b7e115d7087f0312b17c9de1492bc1de,data/references/musdb_03.wav,all test tracks; mixture stream0; mono arithmetic mean; first7s
musdb_04,public_music,BKS - Bulldozer.stem,https://github.com/sigsep/sigsep-mus-db/releases/download/v0.4.0/MUSDB18-7-STEMS.zip,test/BKS - Bulldozer.stem.mp4,0.0,6.8,44100,c7dddb70d993166169e96152e7e473e4752abc22a16b6c5646f305761589bf04,data/references/musdb_04.wav,all test tracks; mixture stream0; mono arithmetic mean; first7s
musdb_05,public_music,BKS - Too Much.stem,https://github.com/sigsep/sigsep-mus-db/releases/download/v0.4.0/MUSDB18-7-STEMS.zip,test/BKS - Too Much.stem.mp4,0.0,6.8,44100,33385dbc60c2358c2c4f70426ff789555a1b112506cae73c0a19ed9312f56e7d,data/references/musdb_05.wav,all test tracks; mixture stream0; mono arithmetic mean; first7s
musdb_06,public_music,Ben Carrigan - We'll Talk About It All Tonight.stem,https://github.com/sigsep/sigsep-mus-db/releases/download/v0.4.0/MUSDB18-7-STEMS.zip,test/Ben Carrigan - We'll Talk About It All Tonight.stem.mp4,0.0,6.8,44100,7a829e0cd3a8ea701516ee52d3614459c7c41eef4a58787ba851d5172e6206b2,data/references/musdb_06.wav,all test tracks; mixture stream0; mono arithmetic mean; first7s
musdb_07,public_music,Bobby Nobody - Stitch Up.stem,https://github.com/sigsep/sigsep-mus-db/releases/download/v0.4.0/MUSDB18-7-STEMS.zip,test/Bobby Nobody - Stitch Up.stem.mp4,0.0,6.8,44100,80e79c713431d156422171fcd88f239b5e2069ae8b35f618ce5923139728b788,data/references/musdb_07.wav,all test tracks; mixture stream0; mono arithmetic mean; first7s
musdb_08,public_music,Buitraker - Revo X.stem,https://github.com/sigsep/sigsep-mus-db/releases/download/v0.4.0/MUSDB18-7-STEMS.zip,test/Buitraker - Revo X.stem.mp4,0.0,6.8,44100,0ab15884f8a3687604dad6a2cfa6d72ec4c37e9335089f223b5a794673bdddcf,data/references/musdb_08.wav,all test tracks; mixture stream0; mono arithmetic mean; first7s
musdb_09,public_music,Carlos Gonzalez - A Place For Us.stem,https://github.com/sigsep/sigsep-mus-db/releases/download/v0.4.0/MUSDB18-7-STEMS.zip,test/Carlos Gonzalez - A Place For Us.stem.mp4,0.0,6.8,44100,4d210ad7c75215a36f693b8aa6c8bc29e48221d1b072eb8aa2e67241b0f44471,data/references/musdb_09.wav,all test tracks; mixture stream0; mono arithmetic mean; first7s
musdb_10,public_music,Cristina Vane - So Easy.stem,https://github.com/sigsep/sigsep-mus-db/releases/download/v0.4.0/MUSDB18-7-STEMS.zip,test/Cristina Vane - So Easy.stem.mp4,0.0,6.8,44100,540883bbf664a9cb9e28f3cdd2736d151765a7a9790bc764e97aa10ff75d3251,data/references/musdb_10.wav,all test tracks; mixture stream0; mono arithmetic mean; first7s
musdb_11,public_music,Detsky Sad - Walkie Talkie.stem,https://github.com/sigsep/sigsep-mus-db/releases/download/v0.4.0/MUSDB18-7-STEMS.zip,test/Detsky Sad - Walkie Talkie.stem.mp4,0.0,6.8,44100,d82d946b79477b8536a75c2054b6c77bfbbc86338af148bbb7f87af4ee852b56,data/references/musdb_11.wav,all test tracks; mixture stream0; mono arithmetic mean; first7s
musdb_12,public_music,Enda Reilly - Cur An Long Ag Seol.stem,https://github.com/sigsep/sigsep-mus-db/releases/download/v0.4.0/MUSDB18-7-STEMS.zip,test/Enda Reilly - Cur An Long Ag Seol.stem.mp4,0.0,6.8,44100,1e6353e10671ca29dd9800a3ca4c6a753b054fb53a66059342c4a19ddf9af2d3,data/references/musdb_12.wav,all test tracks; mixture stream0; mono arithmetic mean; first7s
musdb_13,public_music,Forkupines - Semantics.stem,https://github.com/sigsep/sigsep-mus-db/releases/download/v0.4.0/MUSDB18-7-STEMS.zip,test/Forkupines - Semantics.stem.mp4,0.0,6.8,44100,2dde305145955980e9690fe98cd88105157d07cba2aff605ce8ed7c5aeb4595a,data/references/musdb_13.wav,all test tracks; mixture stream0; mono arithmetic mean; first7s
musdb_14,public_music,Georgia Wonder - Siren.stem,https://github.com/sigsep/sigsep-mus-db/releases/download/v0.4.0/MUSDB18-7-STEMS.zip,test/Georgia Wonder - Siren.stem.mp4,0.0,6.8,44100,adb5d84fa7d0bf4ff77f84b11e428dc1eda8b23f0e402945a89208a0116b6350,data/references/musdb_14.wav,all test tracks; mixture stream0; mono arithmetic mean; first7s
musdb_15,public_music,Girls Under Glass - We Feel Alright.stem,https://github.com/sigsep/sigsep-mus-db/releases/download/v0.4.0/MUSDB18-7-STEMS.zip,test/Girls Under Glass - We Feel Alright.stem.mp4,0.0,6.8,44100,608722dae906c51b671b456bde853330b322beead8fde885026ac2ff81bf4c19,data/references/musdb_15.wav,all test tracks; mixture stream0; mono arithmetic mean; first7s
musdb_16,public_music,Hollow Ground - Ill Fate.stem,https://github.com/sigsep/sigsep-mus-db/releases/download/v0.4.0/MUSDB18-7-STEMS.zip,test/Hollow Ground - Ill Fate.stem.mp4,0.0,6.8,44100,02eec0d48bb709e2db3bc1cb0dfb554fbe33d3b8d0f7aee13a5d0ca4be146985,data/references/musdb_16.wav,all test tracks; mixture stream0; mono arithmetic mean; first7s
musdb_17,public_music,James Elder & Mark M Thompson - The English Actor.stem,https://github.com/sigsep/sigsep-mus-db/releases/download/v0.4.0/MUSDB18-7-STEMS.zip,test/James Elder & Mark M Thompson - The English Actor.stem.mp4,0.0,6.8,44100,8effb68dc31f5f09d53696e90e688ba39fe335cc72413422e26def66848fab46,data/references/musdb_17.wav,all test tracks; mixture stream0; mono arithmetic mean; first7s
musdb_18,public_music,Juliet's Rescue - Heartbeats.stem,https://github.com/sigsep/sigsep-mus-db/releases/download/v0.4.0/MUSDB18-7-STEMS.zip,test/Juliet's Rescue - Heartbeats.stem.mp4,0.0,6.8,44100,850173d9afa71758067c5c3231b722c1081e66239fb77cbbb1acc33a9efcdc12,data/references/musdb_18.wav,all test tracks; mixture stream0; mono arithmetic mean; first7s
musdb_19,public_music,Little Chicago's Finest - My Own.stem,https://github.com/sigsep/sigsep-mus-db/releases/download/v0.4.0/MUSDB18-7-STEMS.zip,test/Little Chicago's Finest - My Own.stem.mp4,0.0,6.8,44100,e6a9cb3f85a5cf6e598d4d6243bac1e83c4e4c647b89736e242d85c2c2778693,data/references/musdb_19.wav,all test tracks; mixture stream0; mono arithmetic mean; first7s
musdb_20,public_music,Louis Cressy Band - Good Time.stem,https://github.com/sigsep/sigsep-mus-db/releases/download/v0.4.0/MUSDB18-7-STEMS.zip,test/Louis Cressy Band - Good Time.stem.mp4,0.0,6.8,44100,61c45f9729c66327f91f759db6b72a9d3a394577e459306a398cd710e0b8cd02,data/references/musdb_20.wav,all test tracks; mixture stream0; mono arithmetic mean; first7s
musdb_21,public_music,Lyndsey Ollard - Catching Up.stem,https://github.com/sigsep/sigsep-mus-db/releases/download/v0.4.0/MUSDB18-7-STEMS.zip,test/Lyndsey Ollard - Catching Up.stem.mp4,0.0,6.8,44100,bf4251351d5df5a7d393cc809a7a68f6c0c8ef907ff584c9cda787f5b8220de4,data/references/musdb_21.wav,all test tracks; mixture stream0; mono arithmetic mean; first7s
musdb_22,public_music,M.E.R.C. Music - Knockout.stem,https://github.com/sigsep/sigsep-mus-db/releases/download/v0.4.0/MUSDB18-7-STEMS.zip,test/M.E.R.C. Music - Knockout.stem.mp4,0.0,6.8,44100,514248750ce58ec0d01127d753488069334c9ba6e12041b084e2da80d9f7a316,data/references/musdb_22.wav,all test tracks; mixture stream0; mono arithmetic mean; first7s
musdb_23,public_music,Moosmusic - Big Dummy Shake.stem,https://github.com/sigsep/sigsep-mus-db/releases/download/v0.4.0/MUSDB18-7-STEMS.zip,test/Moosmusic - Big Dummy Shake.stem.mp4,0.0,6.8,44100,450a14b73831d0eaa09575cfc9ce5843aa7cb7b74db90fb3161cbc4ebc894aa3,data/references/musdb_23.wav,all test tracks; mixture stream0; mono arithmetic mean; first7s
musdb_24,public_music,Motor Tapes - Shore.stem,https://github.com/sigsep/sigsep-mus-db/releases/download/v0.4.0/MUSDB18-7-STEMS.zip,test/Motor Tapes - Shore.stem.mp4,0.0,6.8,44100,af974b2de43def7e9da4dae7361430472ef171c37eb02c3bab5b480f163efd88,data/references/musdb_24.wav,all test tracks; mixture stream0; mono arithmetic mean; first7s
musdb_25,public_music,Mu - Too Bright.stem,https://github.com/sigsep/sigsep-mus-db/releases/download/v0.4.0/MUSDB18-7-STEMS.zip,test/Mu - Too Bright.stem.mp4,0.0,6.8,44100,8aa596d1f012530d9d00cb5bc327f49b9f385c945f1d7fa300ac18d511d3aa87,data/references/musdb_25.wav,all test tracks; mixture stream0; mono arithmetic mean; first7s
musdb_26,public_music,Nerve 9 - Pray For The Rain.stem,https://github.com/sigsep/sigsep-mus-db/releases/download/v0.4.0/MUSDB18-7-STEMS.zip,test/Nerve 9 - Pray For The Rain.stem.mp4,0.0,6.8,44100,8c2647c118717d4c20a42d587bb3d5ab72fdac3d3c7492ba252b9bd139e17e8a,data/references/musdb_26.wav,all test tracks; mixture stream0; mono arithmetic mean; first7s
musdb_27,public_music,PR - Happy Daze.stem,https://github.com/sigsep/sigsep-mus-db/releases/download/v0.4.0/MUSDB18-7-STEMS.zip,test/PR - Happy Daze.stem.mp4,0.0,6.8,44100,ee55cb69c67a39a8a0b757f21d9191be6206cce1534db9866f4f750cb1d96149,data/references/musdb_27.wav,all test tracks; mixture stream0; mono arithmetic mean; first7s
musdb_28,public_music,PR - Oh No.stem,https://github.com/sigsep/sigsep-mus-db/releases/download/v0.4.0/MUSDB18-7-STEMS.zip,test/PR - Oh No.stem.mp4,0.0,6.8,44100,36635043302a3cc276d0e73e3e00830f80d0ec2974afa9b8f57eff29e7563215,data/references/musdb_28.wav,all test tracks; mixture stream0; mono arithmetic mean; first7s
musdb_29,public_music,Punkdisco - Oral Hygiene.stem,https://github.com/sigsep/sigsep-mus-db/releases/download/v0.4.0/MUSDB18-7-STEMS.zip,test/Punkdisco - Oral Hygiene.stem.mp4,0.0,6.8,44100,e7c1b816747c3d95a6999591d467cdf3eba76eb1bae70b2725ebc7df8ff46414,data/references/musdb_29.wav,all test tracks; mixture stream0; mono arithmetic mean; first7s
musdb_30,public_music,Raft Monk - Tiring.stem,https://github.com/sigsep/sigsep-mus-db/releases/download/v0.4.0/MUSDB18-7-STEMS.zip,test/Raft Monk - Tiring.stem.mp4,0.0,6.8,44100,2a4342aa32525da3d4bb50e635be5808cd83a2b76c806d50d1ec305e18ecd95f,data/references/musdb_30.wav,all test tracks; mixture stream0; mono arithmetic mean; first7s
musdb_31,public_music,Sambasevam Shanmugam - Kaathaadi.stem,https://github.com/sigsep/sigsep-mus-db/releases/download/v0.4.0/MUSDB18-7-STEMS.zip,test/Sambasevam Shanmugam - Kaathaadi.stem.mp4,0.0,6.8,44100,a6c954ca5b18c3b0913d92b77f693045fb1667e515cc886968ddcc43a2563029,data/references/musdb_31.wav,all test tracks; mixture stream0; mono arithmetic mean; first7s
musdb_32,public_music,Secretariat - Borderline.stem,https://github.com/sigsep/sigsep-mus-db/releases/download/v0.4.0/MUSDB18-7-STEMS.zip,test/Secretariat - Borderline.stem.mp4,0.0,6.8,44100,12f0fd28fc9926bc9405ba23a57a67a40a41bd6b5dcb2955d9a554e6234d25cb,data/references/musdb_32.wav,all test tracks; mixture stream0; mono arithmetic mean; first7s
musdb_33,public_music,Secretariat - Over The Top.stem,https://github.com/sigsep/sigsep-mus-db/releases/download/v0.4.0/MUSDB18-7-STEMS.zip,test/Secretariat - Over The Top.stem.mp4,0.0,6.8,44100,20e34ed2f23e54b69f0aec7235e8f7620b2fc635f4d09febc2e14861fca9716b,data/references/musdb_33.wav,all test tracks; mixture stream0; mono arithmetic mean; first7s
musdb_34,public_music,Side Effects Project - Sing With Me.stem,https://github.com/sigsep/sigsep-mus-db/releases/download/v0.4.0/MUSDB18-7-STEMS.zip,test/Side Effects Project - Sing With Me.stem.mp4,0.0,6.8,44100,4f72d1ab15c854f10af613752c101e936a6fd7f9510164ec165505bc5e67743b,data/references/musdb_34.wav,all test tracks; mixture stream0; mono arithmetic mean; first7s
musdb_35,public_music,Signe Jakobsen - What Have You Done To Me.stem,https://github.com/sigsep/sigsep-mus-db/releases/download/v0.4.0/MUSDB18-7-STEMS.zip,test/Signe Jakobsen - What Have You Done To Me.stem.mp4,0.0,6.8,44100,f028493094898fb765ccf529ce77cd4ac7040dc02b5dc0a7c921413952d7366b,data/references/musdb_35.wav,all test tracks; mixture stream0; mono arithmetic mean; first7s
musdb_36,public_music,Skelpolu - Resurrection.stem,https://github.com/sigsep/sigsep-mus-db/releases/download/v0.4.0/MUSDB18-7-STEMS.zip,test/Skelpolu - Resurrection.stem.mp4,0.0,6.8,44100,52d275b38ba2af173e9c2156eab4f481a554229b963a2105e039c363e7a57ac6,data/references/musdb_36.wav,all test tracks; mixture stream0; mono arithmetic mean; first7s
musdb_37,public_music,Speak Softly - Broken Man.stem,https://github.com/sigsep/sigsep-mus-db/releases/download/v0.4.0/MUSDB18-7-STEMS.zip,test/Speak Softly - Broken Man.stem.mp4,0.0,6.8,44100,97c161ebc7acf06106c136f2344384bf906dcf88a0fc21efb8a841552135f758,data/references/musdb_37.wav,all test tracks; mixture stream0; mono arithmetic mean; first7s
musdb_38,public_music,Speak Softly - Like Horses.stem,https://github.com/sigsep/sigsep-mus-db/releases/download/v0.4.0/MUSDB18-7-STEMS.zip,test/Speak Softly - Like Horses.stem.mp4,0.0,6.8,44100,6d13e59d1c9430fd18dc5d37e4ddcc64a7d9edb87db663cbffe057755cfb415e,data/references/musdb_38.wav,all test tracks; mixture stream0; mono arithmetic mean; first7s
musdb_39,public_music,The Doppler Shift - Atrophy.stem,https://github.com/sigsep/sigsep-mus-db/releases/download/v0.4.0/MUSDB18-7-STEMS.zip,test/The Doppler Shift - Atrophy.stem.mp4,0.0,6.8,44100,e3bcbb4ad61936d7fd53718ebb45d1d631810f3d8f29274ba39e65b2e66e2295,data/references/musdb_39.wav,all test tracks; mixture stream0; mono arithmetic mean; first7s
musdb_40,public_music,The Easton Ellises (Baumi) - SDRNR.stem,https://github.com/sigsep/sigsep-mus-db/releases/download/v0.4.0/MUSDB18-7-STEMS.zip,test/The Easton Ellises (Baumi) - SDRNR.stem.mp4,0.0,6.8,44100,3b745a7d71f537ed544612884d9718159382a1e17b058263c45b265d334704a8,data/references/musdb_40.wav,all test tracks; mixture stream0; mono arithmetic mean; first7s
musdb_41,public_music,The Easton Ellises - Falcon 69.stem,https://github.com/sigsep/sigsep-mus-db/releases/download/v0.4.0/MUSDB18-7-STEMS.zip,test/The Easton Ellises - Falcon 69.stem.mp4,0.0,6.8,44100,111f0e40b7a2c73cdf81611fbcf87ecb1de41b7c3a470bfbc1e70dd53bbcbb92,data/references/musdb_41.wav,all test tracks; mixture stream0; mono arithmetic mean; first7s
musdb_42,public_music,The Long Wait - Dark Horses.stem,https://github.com/sigsep/sigsep-mus-db/releases/download/v0.4.0/MUSDB18-7-STEMS.zip,test/The Long Wait - Dark Horses.stem.mp4,0.0,6.8,44100,bdc346f9ae4be894a2be89f268e86ed4d813c1438267519df1f9663e391bf3b3,data/references/musdb_42.wav,all test tracks; mixture stream0; mono arithmetic mean; first7s
musdb_43,public_music,The Mountaineering Club - Mallory.stem,https://github.com/sigsep/sigsep-mus-db/releases/download/v0.4.0/MUSDB18-7-STEMS.zip,test/The Mountaineering Club - Mallory.stem.mp4,0.0,6.8,44100,6897785a364b38f155389809607d496e9605b29361590c558d45a4c99415aaa8,data/references/musdb_43.wav,all test tracks; mixture stream0; mono arithmetic mean; first7s
musdb_44,public_music,The Sunshine Garcia Band - For I Am The Moon.stem,https://github.com/sigsep/sigsep-mus-db/releases/download/v0.4.0/MUSDB18-7-STEMS.zip,test/The Sunshine Garcia Band - For I Am The Moon.stem.mp4,0.0,6.8,44100,20ee628b17e18c0c619ed567b29e972c402e4699f2ffb99afcf6a176373ecaa1,data/references/musdb_44.wav,all test tracks; mixture stream0; mono arithmetic mean; first7s
musdb_45,public_music,Timboz - Pony.stem,https://github.com/sigsep/sigsep-mus-db/releases/download/v0.4.0/MUSDB18-7-STEMS.zip,test/Timboz - Pony.stem.mp4,0.0,6.8,44100,1586c28f9f4712d7317f5bf87c7a82a85c15f865205337147ce478453efaa818,data/references/musdb_45.wav,all test tracks; mixture stream0; mono arithmetic mean; first7s
musdb_46,public_music,Tom McKenzie - Directions.stem,https://github.com/sigsep/sigsep-mus-db/releases/download/v0.4.0/MUSDB18-7-STEMS.zip,test/Tom McKenzie - Directions.stem.mp4,0.0,6.8,44100,f55fd9fbf0e7676f5b027a6f2e46baf791529a9dc722195658f4c7a0d8b53914,data/references/musdb_46.wav,all test tracks; mixture stream0; mono arithmetic mean; first7s
musdb_47,public_music,Triviul feat. The Fiend - Widow.stem,https://github.com/sigsep/sigsep-mus-db/releases/download/v0.4.0/MUSDB18-7-STEMS.zip,test/Triviul feat. The Fiend - Widow.stem.mp4,0.0,6.8,44100,5568ef3ebdae1552d92e8f67402cda70b41334f9a2d7baac02632cc8e79ac194,data/references/musdb_47.wav,all test tracks; mixture stream0; mono arithmetic mean; first7s
musdb_48,public_music,We Fell From The Sky - Not You.stem,https://github.com/sigsep/sigsep-mus-db/releases/download/v0.4.0/MUSDB18-7-STEMS.zip,test/We Fell From The Sky - Not You.stem.mp4,0.0,6.8,44100,5819c1cd95d1d4ac7cc7659c6d392476e52e1a9bdc654ce00f01a3f4eb902c7f,data/references/musdb_48.wav,all test tracks; mixture stream0; mono arithmetic mean; first7s
musdb_49,public_music,Zeno - Signs.stem,https://github.com/sigsep/sigsep-mus-db/releases/download/v0.4.0/MUSDB18-7-STEMS.zip,test/Zeno - Signs.stem.mp4,0.0,6.8,44100,5cec151884446009839d1de6dfba902adfe27bd6e76b84a8ba22e7572dc00176,data/references/musdb_49.wav,all test tracks; mixture stream0; mono arithmetic mean; first7s
