source_id,group,policy,frame_ms,activity_db,tail_snr_db
supplied_speech,supplied_speech,Global-only,10,-40,8.531619566347514
supplied_speech,supplied_speech,Global-only,40,-40,8.966950074524906
supplied_speech,supplied_speech,Global-only,20,-30,8.85616166192012
supplied_speech,supplied_speech,Global-only,20,-50,9.07960747796363
supplied_speech,supplied_speech,Tail-constrained,10,-40,13.854218983346755
supplied_speech,supplied_speech,Tail-constrained,40,-40,16.549053233020214
supplied_speech,supplied_speech,Tail-constrained,20,-30,15.464402836810997
supplied_speech,supplied_speech,Tail-constrained,20,-50,15.33165971628584
supplied_music,supplied_music,Global-only,10,-40,13.329061630655126
supplied_music,supplied_music,Global-only,40,-40,13.833628480528539
supplied_music,supplied_music,Global-only,20,-30,13.139487139272196
supplied_music,supplied_music,Global-only,20,-50,13.139487139272196
supplied_music,supplied_music,Tail-constrained,10,-40,15.34333975558007
supplied_music,supplied_music,Tail-constrained,40,-40,16.13878753947357
supplied_music,supplied_music,Tail-constrained,20,-30,15.416157496032355
supplied_music,supplied_music,Tail-constrained,20,-50,15.416157496032355
libri_84-121123-0002,public_speech,Global-only,10,-40,3.9302706896121142
libri_84-121123-0002,public_speech,Global-only,40,-40,5.1559274500397105
libri_84-121123-0002,public_speech,Global-only,20,-30,5.206542239240205
libri_84-121123-0002,public_speech,Global-only,20,-50,4.553914461713375
libri_84-121123-0002,public_speech,Tail-constrained,10,-40,17.311157547597812
libri_84-121123-0002,public_speech,Tail-constrained,40,-40,19.735660070898554
libri_84-121123-0002,public_speech,Tail-constrained,20,-30,20.390144082609556
libri_84-121123-0002,public_speech,Tail-constrained,20,-50,15.841180089498728
libri_174-168635-0002,public_speech,Global-only,10,-40,8.74666654523446
libri_174-168635-0002,public_speech,Global-only,40,-40,9.946169072223983
libri_174-168635-0002,public_speech,Global-only,20,-30,10.264797628610614
libri_174-168635-0002,public_speech,Global-only,20,-50,7.030805248281592
libri_174-168635-0002,public_speech,Tail-constrained,10,-40,17.689450561187925
libri_174-168635-0002,public_speech,Tail-constrained,40,-40,20.929620564472625
libri_174-168635-0002,public_speech,Tail-constrained,20,-30,22.115685468407595
libri_174-168635-0002,public_speech,Tail-constrained,20,-50,16.982287569165813
libri_251-118436-0000,public_speech,Global-only,10,-40,4.008337646811766
libri_251-118436-0000,public_speech,Global-only,40,-40,8.176848861949324
libri_251-118436-0000,public_speech,Global-only,20,-30,6.488121223155314
libri_251-118436-0000,public_speech,Global-only,20,-50,-0.2245045227271085
libri_251-118436-0000,public_speech,Tail-constrained,10,-40,12.239551248505911
libri_251-118436-0000,public_speech,Tail-constrained,40,-40,19.84267481797599
libri_251-118436-0000,public_speech,Tail-constrained,20,-30,17.4936582528466
libri_251-118436-0000,public_speech,Tail-constrained,20,-50,10.645713158847022
libri_422-122949-0000,public_speech,Global-only,10,-40,17.08850891833511
libri_422-122949-0000,public_speech,Global-only,40,-40,19.393119565878497
libri_422-122949-0000,public_speech,Global-only,20,-30,19.38819708144567
libri_422-122949-0000,public_speech,Global-only,20,-50,18.021343579344805
libri_422-122949-0000,public_speech,Tail-constrained,10,-40,17.08850891833511
libri_422-122949-0000,public_speech,Tail-constrained,40,-40,19.393119565878497
libri_422-122949-0000,public_speech,Tail-constrained,20,-30,19.38819708144567
libri_422-122949-0000,public_speech,Tail-constrained,20,-50,18.021343579344805
libri_652-129742-0000,public_speech,Global-only,10,-40,15.254340050558596
libri_652-129742-0000,public_speech,Global-only,40,-40,18.378468712964896
libri_652-129742-0000,public_speech,Global-only,20,-30,16.066665997783385
libri_652-129742-0000,public_speech,Global-only,20,-50,16.415132197016213
libri_652-129742-0000,public_speech,Tail-constrained,10,-40,15.254340050558596
libri_652-129742-0000,public_speech,Tail-constrained,40,-40,18.378468712964896
libri_652-129742-0000,public_speech,Tail-constrained,20,-30,16.066665997783385
libri_652-129742-0000,public_speech,Tail-constrained,20,-50,16.415132197016213
libri_777-126732-0003,public_speech,Global-only,10,-40,10.264360915898678
libri_777-126732-0003,public_speech,Global-only,40,-40,11.134702656477447
libri_777-126732-0003,public_speech,Global-only,20,-30,10.783775279960198
libri_777-126732-0003,public_speech,Global-only,20,-50,10.537164117896738
libri_777-126732-0003,public_speech,Tail-constrained,10,-40,18.863712384452022
libri_777-126732-0003,public_speech,Tail-constrained,40,-40,20.052939922659377
libri_777-126732-0003,public_speech,Tail-constrained,20,-30,20.22203559638587
libri_777-126732-0003,public_speech,Tail-constrained,20,-50,19.192908223503743
libri_1272-128104-0002,public_speech,Global-only,10,-40,13.04421664817814
libri_1272-128104-0002,public_speech,Global-only,40,-40,17.01382268256588
libri_1272-128104-0002,public_speech,Global-only,20,-30,16.24894081605865
libri_1272-128104-0002,public_speech,Global-only,20,-50,11.95613489393487
libri_1272-128104-0002,public_speech,Tail-constrained,10,-40,13.04421664817814
libri_1272-128104-0002,public_speech,Tail-constrained,40,-40,17.01382268256588
libri_1272-128104-0002,public_speech,Tail-constrained,20,-30,16.24894081605865
libri_1272-128104-0002,public_speech,Tail-constrained,20,-50,11.95613489393487
libri_1462-170138-0000,public_speech,Global-only,10,-40,5.606023684350187
libri_1462-170138-0000,public_speech,Global-only,40,-40,7.225097835939217
libri_1462-170138-0000,public_speech,Global-only,20,-30,6.667349164029308
libri_1462-170138-0000,public_speech,Global-only,20,-50,6.362891623332957
libri_1462-170138-0000,public_speech,Tail-constrained,10,-40,18.349607413442378
libri_1462-170138-0000,public_speech,Tail-constrained,40,-40,20.80978069769158
libri_1462-170138-0000,public_speech,Tail-constrained,20,-30,20.985674400588252
libri_1462-170138-0000,public_speech,Tail-constrained,20,-50,16.645043967237527
libri_1673-143396-0000,public_speech,Global-only,10,-40,3.7908151917265975
libri_1673-143396-0000,public_speech,Global-only,40,-40,3.9322026593471455
libri_1673-143396-0000,public_speech,Global-only,20,-30,4.024013548903724
libri_1673-143396-0000,public_speech,Global-only,20,-50,3.922923608931371
libri_1673-143396-0000,public_speech,Tail-constrained,10,-40,16.89772523121129
libri_1673-143396-0000,public_speech,Tail-constrained,40,-40,17.398292166077262
libri_1673-143396-0000,public_speech,Tail-constrained,20,-30,19.62944620354547
libri_1673-143396-0000,public_speech,Tail-constrained,20,-50,15.135232596089338
libri_1919-142785-0001,public_speech,Global-only,10,-40,6.458065866097606
libri_1919-142785-0001,public_speech,Global-only,40,-40,6.916060314837324
libri_1919-142785-0001,public_speech,Global-only,20,-30,6.707544329432933
libri_1919-142785-0001,public_speech,Global-only,20,-50,7.280619435858498
libri_1919-142785-0001,public_speech,Tail-constrained,10,-40,120.0
libri_1919-142785-0001,public_speech,Tail-constrained,40,-40,120.0
libri_1919-142785-0001,public_speech,Tail-constrained,20,-30,120.0
libri_1919-142785-0001,public_speech,Tail-constrained,20,-50,120.0
libri_1988-147956-0000,public_speech,Global-only,10,-40,8.527529170372015
libri_1988-147956-0000,public_speech,Global-only,40,-40,12.303449520679559
libri_1988-147956-0000,public_speech,Global-only,20,-30,11.129518328973397
libri_1988-147956-0000,public_speech,Global-only,20,-50,11.129518328973397
libri_1988-147956-0000,public_speech,Tail-constrained,10,-40,18.5306935994194
libri_1988-147956-0000,public_speech,Tail-constrained,40,-40,20.89499550714821
libri_1988-147956-0000,public_speech,Tail-constrained,20,-30,19.773355705465395
libri_1988-147956-0000,public_speech,Tail-constrained,20,-50,19.773355705465395
libri_1993-147149-0000,public_speech,Global-only,10,-40,11.433966514839236
libri_1993-147149-0000,public_speech,Global-only,40,-40,13.57853643853108
libri_1993-147149-0000,public_speech,Global-only,20,-30,17.302500662157655
libri_1993-147149-0000,public_speech,Global-only,20,-50,12.182222779552323
libri_1993-147149-0000,public_speech,Tail-constrained,10,-40,120.0
libri_1993-147149-0000,public_speech,Tail-constrained,40,-40,120.0
libri_1993-147149-0000,public_speech,Tail-constrained,20,-30,120.0
libri_1993-147149-0000,public_speech,Tail-constrained,20,-50,120.0
libri_2035-147960-0000,public_speech,Global-only,10,-40,2.794980999328521
libri_2035-147960-0000,public_speech,Global-only,40,-40,4.388188056677538
libri_2035-147960-0000,public_speech,Global-only,20,-30,3.681629810195492
libri_2035-147960-0000,public_speech,Global-only,20,-50,3.7771017179746624
libri_2035-147960-0000,public_speech,Tail-constrained,10,-40,15.924243988717617
libri_2035-147960-0000,public_speech,Tail-constrained,40,-40,16.740709275186518
libri_2035-147960-0000,public_speech,Tail-constrained,20,-30,17.940764158012808
libri_2035-147960-0000,public_speech,Tail-constrained,20,-50,16.29052706710709
libri_2078-142845-0004,public_speech,Global-only,10,-40,5.736612522650696
libri_2078-142845-0004,public_speech,Global-only,40,-40,6.477566912130685
libri_2078-142845-0004,public_speech,Global-only,20,-30,6.0007970871663545
libri_2078-142845-0004,public_speech,Global-only,20,-50,6.130269282830665
libri_2078-142845-0004,public_speech,Tail-constrained,10,-40,20.84432780771976
libri_2078-142845-0004,public_speech,Tail-constrained,40,-40,21.776985155362304
libri_2078-142845-0004,public_speech,Tail-constrained,20,-30,24.33296969424495
libri_2078-142845-0004,public_speech,Tail-constrained,20,-50,20.43248324311864
libri_2086-149214-0000,public_speech,Global-only,10,-40,5.052735403336391
libri_2086-149214-0000,public_speech,Global-only,40,-40,5.847001998454807
libri_2086-149214-0000,public_speech,Global-only,20,-30,5.607374327574868
libri_2086-149214-0000,public_speech,Global-only,20,-50,5.697105044625593
libri_2086-149214-0000,public_speech,Tail-constrained,10,-40,18.09465724844343
libri_2086-149214-0000,public_speech,Tail-constrained,40,-40,19.396188000822512
libri_2086-149214-0000,public_speech,Tail-constrained,20,-30,21.271386661492567
libri_2086-149214-0000,public_speech,Tail-constrained,20,-50,18.52002668577791
libri_2277-149874-0000,public_speech,Global-only,10,-40,3.8739546724991576
libri_2277-149874-0000,public_speech,Global-only,40,-40,4.436474759919837
libri_2277-149874-0000,public_speech,Global-only,20,-30,3.9642261694942285
libri_2277-149874-0000,public_speech,Global-only,20,-50,4.2265574279898255
libri_2277-149874-0000,public_speech,Tail-constrained,10,-40,18.90780370236301
libri_2277-149874-0000,public_speech,Tail-constrained,40,-40,20.526702089561972
libri_2277-149874-0000,public_speech,Tail-constrained,20,-30,22.402365151368567
libri_2277-149874-0000,public_speech,Tail-constrained,20,-50,19.03931874617924
libri_2412-153947-0002,public_speech,Global-only,10,-40,3.87997121482393
libri_2412-153947-0002,public_speech,Global-only,40,-40,4.752157864374498
libri_2412-153947-0002,public_speech,Global-only,20,-30,4.488308146054614
libri_2412-153947-0002,public_speech,Global-only,20,-50,4.275102530507181
libri_2412-153947-0002,public_speech,Tail-constrained,10,-40,15.675701101366384
libri_2412-153947-0002,public_speech,Tail-constrained,40,-40,20.07225374562211
libri_2412-153947-0002,public_speech,Tail-constrained,20,-30,19.25912336832074
libri_2412-153947-0002,public_speech,Tail-constrained,20,-50,17.21201622649894
libri_2428-83699-0000,public_speech,Global-only,10,-40,2.204880845414767
libri_2428-83699-0000,public_speech,Global-only,40,-40,2.5242970038552315
libri_2428-83699-0000,public_speech,Global-only,20,-30,2.3168634203557965
libri_2428-83699-0000,public_speech,Global-only,20,-50,2.7811056446836195
libri_2428-83699-0000,public_speech,Tail-constrained,10,-40,16.457727001523704
libri_2428-83699-0000,public_speech,Tail-constrained,40,-40,18.471737085338344
libri_2428-83699-0000,public_speech,Tail-constrained,20,-30,18.632425297594004
libri_2428-83699-0000,public_speech,Tail-constrained,20,-50,16.33254866300385
libri_2803-154320-0000,public_speech,Global-only,10,-40,10.957149025448958
libri_2803-154320-0000,public_speech,Global-only,40,-40,12.987747001783593
libri_2803-154320-0000,public_speech,Global-only,20,-30,14.085029719585265
libri_2803-154320-0000,public_speech,Global-only,20,-50,12.340713594715853
libri_2803-154320-0000,public_speech,Tail-constrained,10,-40,19.405616345889637
libri_2803-154320-0000,public_speech,Tail-constrained,40,-40,20.262929729331738
libri_2803-154320-0000,public_speech,Tail-constrained,20,-30,21.098509908328985
libri_2803-154320-0000,public_speech,Tail-constrained,20,-50,19.773286758043145
libri_2902-9006-0001,public_speech,Global-only,10,-40,9.699957804764871
libri_2902-9006-0001,public_speech,Global-only,40,-40,10.24770067344839
libri_2902-9006-0001,public_speech,Global-only,20,-30,9.797646641804699
libri_2902-9006-0001,public_speech,Global-only,20,-50,8.9027754148914
libri_2902-9006-0001,public_speech,Tail-constrained,10,-40,17.101592973044173
libri_2902-9006-0001,public_speech,Tail-constrained,40,-40,18.42875858787113
libri_2902-9006-0001,public_speech,Tail-constrained,20,-30,18.043461405890895
libri_2902-9006-0001,public_speech,Tail-constrained,20,-50,14.844591334434957
libri_3000-15664-0001,public_speech,Global-only,10,-40,5.814894772443557
libri_3000-15664-0001,public_speech,Global-only,40,-40,8.391200110114095
libri_3000-15664-0001,public_speech,Global-only,20,-30,9.067608547903067
libri_3000-15664-0001,public_speech,Global-only,20,-50,6.668015340816065
libri_3000-15664-0001,public_speech,Tail-constrained,10,-40,19.895686346468636
libri_3000-15664-0001,public_speech,Tail-constrained,40,-40,22.582211217822966
libri_3000-15664-0001,public_speech,Tail-constrained,20,-30,23.00346671695013
libri_3000-15664-0001,public_speech,Tail-constrained,20,-50,18.655851330657715
libri_3081-166546-0000,public_speech,Global-only,10,-40,11.435195598933522
libri_3081-166546-0000,public_speech,Global-only,40,-40,19.19096351354407
libri_3081-166546-0000,public_speech,Global-only,20,-30,20.472772903214235
libri_3081-166546-0000,public_speech,Global-only,20,-50,13.426642151392866
libri_3081-166546-0000,public_speech,Tail-constrained,10,-40,120.0
libri_3081-166546-0000,public_speech,Tail-constrained,40,-40,120.0
libri_3081-166546-0000,public_speech,Tail-constrained,20,-30,120.0
libri_3081-166546-0000,public_speech,Tail-constrained,20,-50,120.0
libri_3170-137482-0000,public_speech,Global-only,10,-40,9.56853751140998
libri_3170-137482-0000,public_speech,Global-only,40,-40,10.858407290669641
libri_3170-137482-0000,public_speech,Global-only,20,-30,10.068308794285937
libri_3170-137482-0000,public_speech,Global-only,20,-50,7.968461350839702
libri_3170-137482-0000,public_speech,Tail-constrained,10,-40,17.469919656558698
libri_3170-137482-0000,public_speech,Tail-constrained,40,-40,19.564158608748098
libri_3170-137482-0000,public_speech,Tail-constrained,20,-30,19.014166514011837
libri_3170-137482-0000,public_speech,Tail-constrained,20,-50,18.126716785678465
libri_3536-23268-0000,public_speech,Global-only,10,-40,6.188459672732769
libri_3536-23268-0000,public_speech,Global-only,40,-40,9.108370110942744
libri_3536-23268-0000,public_speech,Global-only,20,-30,8.844316900165586
libri_3536-23268-0000,public_speech,Global-only,20,-50,7.839922963076685
libri_3536-23268-0000,public_speech,Tail-constrained,10,-40,16.582697954193918
libri_3536-23268-0000,public_speech,Tail-constrained,40,-40,19.272178822208495
libri_3536-23268-0000,public_speech,Tail-constrained,20,-30,18.558424602230854
libri_3536-23268-0000,public_speech,Tail-constrained,20,-50,16.678521378987206
libri_3576-138058-0000,public_speech,Global-only,10,-40,9.75519479919226
libri_3576-138058-0000,public_speech,Global-only,40,-40,11.42363109190214
libri_3576-138058-0000,public_speech,Global-only,20,-30,10.86874013844621
libri_3576-138058-0000,public_speech,Global-only,20,-50,10.231853405680454
libri_3576-138058-0000,public_speech,Tail-constrained,10,-40,15.29269066399197
libri_3576-138058-0000,public_speech,Tail-constrained,40,-40,20.17793894451737
libri_3576-138058-0000,public_speech,Tail-constrained,20,-30,18.895084156337862
libri_3576-138058-0000,public_speech,Tail-constrained,20,-50,18.006045077883087
libri_3752-4943-0000,public_speech,Global-only,10,-40,4.519635507555791
libri_3752-4943-0000,public_speech,Global-only,40,-40,7.37692848622312
libri_3752-4943-0000,public_speech,Global-only,20,-30,6.688869824180552
libri_3752-4943-0000,public_speech,Global-only,20,-50,4.980667486638763
libri_3752-4943-0000,public_speech,Tail-constrained,10,-40,16.83553075908225
libri_3752-4943-0000,public_speech,Tail-constrained,40,-40,20.58895134089213
libri_3752-4943-0000,public_speech,Tail-constrained,20,-30,21.215420016985714
libri_3752-4943-0000,public_speech,Tail-constrained,20,-50,14.51385315552464
libri_3853-163249-0000,public_speech,Global-only,10,-40,13.95022026826716
libri_3853-163249-0000,public_speech,Global-only,40,-40,15.259912740992675
libri_3853-163249-0000,public_speech,Global-only,20,-30,14.539234229489601
libri_3853-163249-0000,public_speech,Global-only,20,-50,14.539234229489601
libri_3853-163249-0000,public_speech,Tail-constrained,10,-40,17.358082293038578
libri_3853-163249-0000,public_speech,Tail-constrained,40,-40,20.51402404520323
libri_3853-163249-0000,public_speech,Tail-constrained,20,-30,18.573266563073766
libri_3853-163249-0000,public_speech,Tail-constrained,20,-50,18.573266563073766
libri_5338-24615-0000,public_speech,Global-only,10,-40,10.85930519907559
libri_5338-24615-0000,public_speech,Global-only,40,-40,11.749680991011457
libri_5338-24615-0000,public_speech,Global-only,20,-30,12.008719027867743
libri_5338-24615-0000,public_speech,Global-only,20,-50,10.204815454636647
libri_5338-24615-0000,public_speech,Tail-constrained,10,-40,19.779207134513516
libri_5338-24615-0000,public_speech,Tail-constrained,40,-40,23.27793979161765
libri_5338-24615-0000,public_speech,Tail-constrained,20,-30,24.75220781003159
libri_5338-24615-0000,public_speech,Tail-constrained,20,-50,17.771620074218248
libri_5536-43358-0001,public_speech,Global-only,10,-40,4.494328574982823
libri_5536-43358-0001,public_speech,Global-only,40,-40,4.278883783742423
libri_5536-43358-0001,public_speech,Global-only,20,-30,4.440888026991647
libri_5536-43358-0001,public_speech,Global-only,20,-50,5.314193518906041
libri_5536-43358-0001,public_speech,Tail-constrained,10,-40,15.292987846201544
libri_5536-43358-0001,public_speech,Tail-constrained,40,-40,16.17215732723866
libri_5536-43358-0001,public_speech,Tail-constrained,20,-30,15.54912148806245
libri_5536-43358-0001,public_speech,Tail-constrained,20,-50,16.076248628819734
libri_5694-64025-0002,public_speech,Global-only,10,-40,3.98571921898983
libri_5694-64025-0002,public_speech,Global-only,40,-40,6.980151498320533
libri_5694-64025-0002,public_speech,Global-only,20,-30,7.999672229848126
libri_5694-64025-0002,public_speech,Global-only,20,-50,3.882490252996088
libri_5694-64025-0002,public_speech,Tail-constrained,10,-40,15.63507485303397
libri_5694-64025-0002,public_speech,Tail-constrained,40,-40,17.78270055457584
libri_5694-64025-0002,public_speech,Tail-constrained,20,-30,19.237503601025217
libri_5694-64025-0002,public_speech,Tail-constrained,20,-50,15.068225871704433
libri_5895-34615-0002,public_speech,Global-only,10,-40,5.781781476676566
libri_5895-34615-0002,public_speech,Global-only,40,-40,6.254729738762448
libri_5895-34615-0002,public_speech,Global-only,20,-30,5.42871255123416
libri_5895-34615-0002,public_speech,Global-only,20,-50,6.252671457082571
libri_5895-34615-0002,public_speech,Tail-constrained,10,-40,15.875427728390761
libri_5895-34615-0002,public_speech,Tail-constrained,40,-40,18.22081328275241
libri_5895-34615-0002,public_speech,Tail-constrained,20,-30,19.216662881300397
libri_5895-34615-0002,public_speech,Tail-constrained,20,-50,13.943207158377858
libri_6241-61943-0000,public_speech,Global-only,10,-40,10.11774483478018
libri_6241-61943-0000,public_speech,Global-only,40,-40,10.719413965868705
libri_6241-61943-0000,public_speech,Global-only,20,-30,10.359241200886109
libri_6241-61943-0000,public_speech,Global-only,20,-50,10.475919201908926
libri_6241-61943-0000,public_speech,Tail-constrained,10,-40,14.849737816575693
libri_6241-61943-0000,public_speech,Tail-constrained,40,-40,18.1088343425118
libri_6241-61943-0000,public_speech,Tail-constrained,20,-30,20.91628295360846
libri_6241-61943-0000,public_speech,Tail-constrained,20,-50,14.59564919032818
libri_6295-244435-0001,public_speech,Global-only,10,-40,8.399540829363223
libri_6295-244435-0001,public_speech,Global-only,40,-40,9.137885473695631
libri_6295-244435-0001,public_speech,Global-only,20,-30,10.70700104368152
libri_6295-244435-0001,public_speech,Global-only,20,-50,8.533111279565594
libri_6295-244435-0001,public_speech,Tail-constrained,10,-40,21.902054528871165
libri_6295-244435-0001,public_speech,Tail-constrained,40,-40,22.619323861651086
libri_6295-244435-0001,public_speech,Tail-constrained,20,-30,24.35283086502746
libri_6295-244435-0001,public_speech,Tail-constrained,20,-50,20.811862515179822
libri_6313-66125-0015,public_speech,Global-only,10,-40,11.074475348519744
libri_6313-66125-0015,public_speech,Global-only,40,-40,12.059095295035437
libri_6313-66125-0015,public_speech,Global-only,20,-30,11.144323650344745
libri_6313-66125-0015,public_speech,Global-only,20,-50,11.514030993674798
libri_6313-66125-0015,public_speech,Tail-constrained,10,-40,17.422980763318378
libri_6313-66125-0015,public_speech,Tail-constrained,40,-40,19.657889371412935
libri_6313-66125-0015,public_speech,Tail-constrained,20,-30,20.770250229494216
libri_6313-66125-0015,public_speech,Tail-constrained,20,-50,14.267212879098823
libri_6319-275224-0001,public_speech,Global-only,10,-40,4.628200801632331
libri_6319-275224-0001,public_speech,Global-only,40,-40,6.245587503593846
libri_6319-275224-0001,public_speech,Global-only,20,-30,5.984904598240344
libri_6319-275224-0001,public_speech,Global-only,20,-50,4.753578418244237
libri_6319-275224-0001,public_speech,Tail-constrained,10,-40,18.87118102753104
libri_6319-275224-0001,public_speech,Tail-constrained,40,-40,21.408075872316488
libri_6319-275224-0001,public_speech,Tail-constrained,20,-30,21.276511159108843
libri_6319-275224-0001,public_speech,Tail-constrained,20,-50,15.064232515670962
libri_6345-64257-0000,public_speech,Global-only,10,-40,5.8269764495855245
libri_6345-64257-0000,public_speech,Global-only,40,-40,7.080056533340466
libri_6345-64257-0000,public_speech,Global-only,20,-30,7.548108542020488
libri_6345-64257-0000,public_speech,Global-only,20,-50,6.317453013917548
libri_6345-64257-0000,public_speech,Tail-constrained,10,-40,18.396785420597087
libri_6345-64257-0000,public_speech,Tail-constrained,40,-40,18.60249852374541
libri_6345-64257-0000,public_speech,Tail-constrained,20,-30,19.034063537416216
libri_6345-64257-0000,public_speech,Tail-constrained,20,-50,17.96411141113746
libri_7850-111771-0000,public_speech,Global-only,10,-40,8.920149728196577
libri_7850-111771-0000,public_speech,Global-only,40,-40,10.394178938990033
libri_7850-111771-0000,public_speech,Global-only,20,-30,10.186393595612648
libri_7850-111771-0000,public_speech,Global-only,20,-50,6.8451354187690105
libri_7850-111771-0000,public_speech,Tail-constrained,10,-40,16.589242498250936
libri_7850-111771-0000,public_speech,Tail-constrained,40,-40,20.40892316315352
libri_7850-111771-0000,public_speech,Tail-constrained,20,-30,18.726960353666325
libri_7850-111771-0000,public_speech,Tail-constrained,20,-50,16.360283695851507
libri_7976-105575-0000,public_speech,Global-only,10,-40,5.3348551300471545
libri_7976-105575-0000,public_speech,Global-only,40,-40,7.95432644000496
libri_7976-105575-0000,public_speech,Global-only,20,-30,8.054219873704495
libri_7976-105575-0000,public_speech,Global-only,20,-50,5.919604444133094
libri_7976-105575-0000,public_speech,Tail-constrained,10,-40,18.768975241320206
libri_7976-105575-0000,public_speech,Tail-constrained,40,-40,20.767127037295197
libri_7976-105575-0000,public_speech,Tail-constrained,20,-30,21.78267042356605
libri_7976-105575-0000,public_speech,Tail-constrained,20,-50,16.598986507535994
libri_8297-275154-0000,public_speech,Global-only,10,-40,7.688625860050675
libri_8297-275154-0000,public_speech,Global-only,40,-40,11.154708390552399
libri_8297-275154-0000,public_speech,Global-only,20,-30,10.165333444777305
libri_8297-275154-0000,public_speech,Global-only,20,-50,7.023617680984776
libri_8297-275154-0000,public_speech,Tail-constrained,10,-40,17.24210611154946
libri_8297-275154-0000,public_speech,Tail-constrained,40,-40,18.41806407643402
libri_8297-275154-0000,public_speech,Tail-constrained,20,-30,20.235160368693133
libri_8297-275154-0000,public_speech,Tail-constrained,20,-50,15.892789025361369
libri_8842-302196-0000,public_speech,Global-only,10,-40,14.672559764002886
libri_8842-302196-0000,public_speech,Global-only,40,-40,16.270611626307996
libri_8842-302196-0000,public_speech,Global-only,20,-30,15.602186506780296
libri_8842-302196-0000,public_speech,Global-only,20,-50,15.289720004964622
libri_8842-302196-0000,public_speech,Tail-constrained,10,-40,14.672559764002886
libri_8842-302196-0000,public_speech,Tail-constrained,40,-40,16.270611626307996
libri_8842-302196-0000,public_speech,Tail-constrained,20,-30,15.602186506780296
libri_8842-302196-0000,public_speech,Tail-constrained,20,-50,15.289720004964622
musdb_00,public_music,Global-only,10,-40,16.6363237493116
musdb_00,public_music,Global-only,40,-40,17.699370354356724
musdb_00,public_music,Global-only,20,-30,17.0365819436831
musdb_00,public_music,Global-only,20,-50,17.0365819436831
musdb_00,public_music,Tail-constrained,10,-40,16.6363237493116
musdb_00,public_music,Tail-constrained,40,-40,17.699370354356724
musdb_00,public_music,Tail-constrained,20,-30,17.0365819436831
musdb_00,public_music,Tail-constrained,20,-50,17.0365819436831
musdb_01,public_music,Global-only,10,-40,16.317413366321272
musdb_01,public_music,Global-only,40,-40,16.87440799207843
musdb_01,public_music,Global-only,20,-30,16.580112409682428
musdb_01,public_music,Global-only,20,-50,16.580112409682428
musdb_01,public_music,Tail-constrained,10,-40,16.317413366321272
musdb_01,public_music,Tail-constrained,40,-40,16.87440799207843
musdb_01,public_music,Tail-constrained,20,-30,16.580112409682428
musdb_01,public_music,Tail-constrained,20,-50,16.580112409682428
musdb_02,public_music,Global-only,10,-40,18.12959103057186
musdb_02,public_music,Global-only,40,-40,19.19254441999548
musdb_02,public_music,Global-only,20,-30,18.829582504967746
musdb_02,public_music,Global-only,20,-50,18.829582504967746
musdb_02,public_music,Tail-constrained,10,-40,18.12959103057186
musdb_02,public_music,Tail-constrained,40,-40,19.19254441999548
musdb_02,public_music,Tail-constrained,20,-30,18.829582504967746
musdb_02,public_music,Tail-constrained,20,-50,18.829582504967746
musdb_03,public_music,Global-only,10,-40,9.41711441701766
musdb_03,public_music,Global-only,40,-40,9.55346368675566
musdb_03,public_music,Global-only,20,-30,9.386338094667074
musdb_03,public_music,Global-only,20,-50,9.386338094667074
musdb_03,public_music,Tail-constrained,10,-40,18.997907611897208
musdb_03,public_music,Tail-constrained,40,-40,19.38804141312122
musdb_03,public_music,Tail-constrained,20,-30,19.18950400643575
musdb_03,public_music,Tail-constrained,20,-50,19.18950400643575
musdb_04,public_music,Global-only,10,-40,14.454174045501457
musdb_04,public_music,Global-only,40,-40,15.36206206127982
musdb_04,public_music,Global-only,20,-30,14.813430045337245
musdb_04,public_music,Global-only,20,-50,14.813430045337245
musdb_04,public_music,Tail-constrained,10,-40,19.48447173162333
musdb_04,public_music,Tail-constrained,40,-40,20.327436336524585
musdb_04,public_music,Tail-constrained,20,-30,20.025214125576415
musdb_04,public_music,Tail-constrained,20,-50,20.025214125576415
musdb_05,public_music,Global-only,10,-40,17.211443093124355
musdb_05,public_music,Global-only,40,-40,17.939648479085992
musdb_05,public_music,Global-only,20,-30,17.659019450209563
musdb_05,public_music,Global-only,20,-50,17.659019450209563
musdb_05,public_music,Tail-constrained,10,-40,17.211443093124355
musdb_05,public_music,Tail-constrained,40,-40,17.939648479085992
musdb_05,public_music,Tail-constrained,20,-30,17.659019450209563
musdb_05,public_music,Tail-constrained,20,-50,17.659019450209563
musdb_06,public_music,Global-only,10,-40,18.04028744076781
musdb_06,public_music,Global-only,40,-40,19.267151967632504
musdb_06,public_music,Global-only,20,-30,18.58589515260485
musdb_06,public_music,Global-only,20,-50,18.58589515260485
musdb_06,public_music,Tail-constrained,10,-40,18.04028744076781
musdb_06,public_music,Tail-constrained,40,-40,19.267151967632504
musdb_06,public_music,Tail-constrained,20,-30,18.58589515260485
musdb_06,public_music,Tail-constrained,20,-50,18.58589515260485
musdb_07,public_music,Global-only,10,-40,17.795309651253625
musdb_07,public_music,Global-only,40,-40,18.34420899930031
musdb_07,public_music,Global-only,20,-30,18.079535128613472
musdb_07,public_music,Global-only,20,-50,18.079535128613472
musdb_07,public_music,Tail-constrained,10,-40,17.795309651253625
musdb_07,public_music,Tail-constrained,40,-40,18.34420899930031
musdb_07,public_music,Tail-constrained,20,-30,18.079535128613472
musdb_07,public_music,Tail-constrained,20,-50,18.079535128613472
musdb_08,public_music,Global-only,10,-40,14.812135843900734
musdb_08,public_music,Global-only,40,-40,15.84974353301926
musdb_08,public_music,Global-only,20,-30,15.400664986550103
musdb_08,public_music,Global-only,20,-50,15.400664986550103
musdb_08,public_music,Tail-constrained,10,-40,14.812135843900734
musdb_08,public_music,Tail-constrained,40,-40,15.84974353301926
musdb_08,public_music,Tail-constrained,20,-30,15.400664986550103
musdb_08,public_music,Tail-constrained,20,-50,15.400664986550103
musdb_09,public_music,Global-only,10,-40,18.129886680018966
musdb_09,public_music,Global-only,40,-40,18.86927049699043
musdb_09,public_music,Global-only,20,-30,18.545851583779157
musdb_09,public_music,Global-only,20,-50,18.545851583779157
musdb_09,public_music,Tail-constrained,10,-40,18.129886680018966
musdb_09,public_music,Tail-constrained,40,-40,18.86927049699043
musdb_09,public_music,Tail-constrained,20,-30,18.545851583779157
musdb_09,public_music,Tail-constrained,20,-50,18.545851583779157
musdb_10,public_music,Global-only,10,-40,15.26010931130581
musdb_10,public_music,Global-only,40,-40,16.477820456030955
musdb_10,public_music,Global-only,20,-30,15.87468028135979
musdb_10,public_music,Global-only,20,-50,15.87468028135979
musdb_10,public_music,Tail-constrained,10,-40,15.26010931130581
musdb_10,public_music,Tail-constrained,40,-40,16.477820456030955
musdb_10,public_music,Tail-constrained,20,-30,15.87468028135979
musdb_10,public_music,Tail-constrained,20,-50,15.87468028135979
musdb_11,public_music,Global-only,10,-40,17.712752317764846
musdb_11,public_music,Global-only,40,-40,18.520318533056813
musdb_11,public_music,Global-only,20,-30,18.037097927047242
musdb_11,public_music,Global-only,20,-50,18.037097927047242
musdb_11,public_music,Tail-constrained,10,-40,17.712752317764846
musdb_11,public_music,Tail-constrained,40,-40,18.520318533056813
musdb_11,public_music,Tail-constrained,20,-30,18.037097927047242
musdb_11,public_music,Tail-constrained,20,-50,18.037097927047242
musdb_12,public_music,Global-only,10,-40,13.414335380803614
musdb_12,public_music,Global-only,40,-40,13.905713588837141
musdb_12,public_music,Global-only,20,-30,13.648488812678487
musdb_12,public_music,Global-only,20,-50,13.648488812678487
musdb_12,public_music,Tail-constrained,10,-40,19.751889368758842
musdb_12,public_music,Tail-constrained,40,-40,20.295181777077783
musdb_12,public_music,Tail-constrained,20,-30,19.99375377003021
musdb_12,public_music,Tail-constrained,20,-50,19.99375377003021
musdb_13,public_music,Global-only,10,-40,17.674020029372038
musdb_13,public_music,Global-only,40,-40,18.11499295527034
musdb_13,public_music,Global-only,20,-30,17.929409859412086
musdb_13,public_music,Global-only,20,-50,17.929409859412086
musdb_13,public_music,Tail-constrained,10,-40,17.674020029372038
musdb_13,public_music,Tail-constrained,40,-40,18.11499295527034
musdb_13,public_music,Tail-constrained,20,-30,17.929409859412086
musdb_13,public_music,Tail-constrained,20,-50,17.929409859412086
musdb_14,public_music,Global-only,10,-40,15.371503432357498
musdb_14,public_music,Global-only,40,-40,15.993238483577999
musdb_14,public_music,Global-only,20,-30,15.75556614886099
musdb_14,public_music,Global-only,20,-50,15.75556614886099
musdb_14,public_music,Tail-constrained,10,-40,15.371503432357498
musdb_14,public_music,Tail-constrained,40,-40,15.993238483577999
musdb_14,public_music,Tail-constrained,20,-30,15.75556614886099
musdb_14,public_music,Tail-constrained,20,-50,15.75556614886099
musdb_15,public_music,Global-only,10,-40,18.440672131913658
musdb_15,public_music,Global-only,40,-40,18.961072983132972
musdb_15,public_music,Global-only,20,-30,18.745154284129057
musdb_15,public_music,Global-only,20,-50,18.745154284129057
musdb_15,public_music,Tail-constrained,10,-40,18.440672131913658
musdb_15,public_music,Tail-constrained,40,-40,18.961072983132972
musdb_15,public_music,Tail-constrained,20,-30,18.745154284129057
musdb_15,public_music,Tail-constrained,20,-50,18.745154284129057
musdb_16,public_music,Global-only,10,-40,13.930710652077384
musdb_16,public_music,Global-only,40,-40,14.606642277791552
musdb_16,public_music,Global-only,20,-30,16.802809372795938
musdb_16,public_music,Global-only,20,-50,14.174170995090567
musdb_16,public_music,Tail-constrained,10,-40,18.500581557884825
musdb_16,public_music,Tail-constrained,40,-40,19.18993144926192
musdb_16,public_music,Tail-constrained,20,-30,20.666507610810797
musdb_16,public_music,Tail-constrained,20,-50,18.79777459185053
musdb_17,public_music,Global-only,10,-40,16.688260917400008
musdb_17,public_music,Global-only,40,-40,17.19213862950569
musdb_17,public_music,Global-only,20,-30,16.914755987829125
musdb_17,public_music,Global-only,20,-50,16.914755987829125
musdb_17,public_music,Tail-constrained,10,-40,16.688260917400008
musdb_17,public_music,Tail-constrained,40,-40,17.19213862950569
musdb_17,public_music,Tail-constrained,20,-30,16.914755987829125
musdb_17,public_music,Tail-constrained,20,-50,16.914755987829125
musdb_18,public_music,Global-only,10,-40,13.075019298521228
musdb_18,public_music,Global-only,40,-40,13.750357790384538
musdb_18,public_music,Global-only,20,-30,13.569069493187806
musdb_18,public_music,Global-only,20,-50,13.569069493187806
musdb_18,public_music,Tail-constrained,10,-40,17.820024885688394
musdb_18,public_music,Tail-constrained,40,-40,18.503253143005868
musdb_18,public_music,Tail-constrained,20,-30,18.30694949249206
musdb_18,public_music,Tail-constrained,20,-50,18.30694949249206
musdb_19,public_music,Global-only,10,-40,14.505956035578349
musdb_19,public_music,Global-only,40,-40,15.21590170694138
musdb_19,public_music,Global-only,20,-30,14.800808017538905
musdb_19,public_music,Global-only,20,-50,14.800808017538905
musdb_19,public_music,Tail-constrained,10,-40,19.910408552908457
musdb_19,public_music,Tail-constrained,40,-40,20.50118334758196
musdb_19,public_music,Tail-constrained,20,-30,20.193204736011438
musdb_19,public_music,Tail-constrained,20,-50,20.193204736011438
musdb_20,public_music,Global-only,10,-40,18.493400790253066
musdb_20,public_music,Global-only,40,-40,19.629772415192836
musdb_20,public_music,Global-only,20,-30,19.23522323843098
musdb_20,public_music,Global-only,20,-50,19.23522323843098
musdb_20,public_music,Tail-constrained,10,-40,18.493400790253066
musdb_20,public_music,Tail-constrained,40,-40,19.629772415192836
musdb_20,public_music,Tail-constrained,20,-30,19.23522323843098
musdb_20,public_music,Tail-constrained,20,-50,19.23522323843098
musdb_21,public_music,Global-only,10,-40,16.686252575522833
musdb_21,public_music,Global-only,40,-40,17.543394677872065
musdb_21,public_music,Global-only,20,-30,17.30519917373027
musdb_21,public_music,Global-only,20,-50,17.30519917373027
musdb_21,public_music,Tail-constrained,10,-40,16.686252575522833
musdb_21,public_music,Tail-constrained,40,-40,17.543394677872065
musdb_21,public_music,Tail-constrained,20,-30,17.30519917373027
musdb_21,public_music,Tail-constrained,20,-50,17.30519917373027
musdb_22,public_music,Global-only,10,-40,16.94818540925016
musdb_22,public_music,Global-only,40,-40,17.508442262582594
musdb_22,public_music,Global-only,20,-30,17.254732503517364
musdb_22,public_music,Global-only,20,-50,17.254732503517364
musdb_22,public_music,Tail-constrained,10,-40,16.94818540925016
musdb_22,public_music,Tail-constrained,40,-40,17.508442262582594
musdb_22,public_music,Tail-constrained,20,-30,17.254732503517364
musdb_22,public_music,Tail-constrained,20,-50,17.254732503517364
musdb_23,public_music,Global-only,10,-40,12.47993428551055
musdb_23,public_music,Global-only,40,-40,12.954325441327335
musdb_23,public_music,Global-only,20,-30,12.798993400731762
musdb_23,public_music,Global-only,20,-50,12.798993400731762
musdb_23,public_music,Tail-constrained,10,-40,19.669739653120935
musdb_23,public_music,Tail-constrained,40,-40,20.482739700768015
musdb_23,public_music,Tail-constrained,20,-30,20.17316969175291
musdb_23,public_music,Tail-constrained,20,-50,20.17316969175291
musdb_24,public_music,Global-only,10,-40,17.503621924313872
musdb_24,public_music,Global-only,40,-40,18.43654269297277
musdb_24,public_music,Global-only,20,-30,17.899817705890843
musdb_24,public_music,Global-only,20,-50,17.899817705890843
musdb_24,public_music,Tail-constrained,10,-40,17.503621924313872
musdb_24,public_music,Tail-constrained,40,-40,18.43654269297277
musdb_24,public_music,Tail-constrained,20,-30,17.899817705890843
musdb_24,public_music,Tail-constrained,20,-50,17.899817705890843
musdb_25,public_music,Global-only,10,-40,10.353908252263974
musdb_25,public_music,Global-only,40,-40,10.877390386000092
musdb_25,public_music,Global-only,20,-30,10.606705184140354
musdb_25,public_music,Global-only,20,-50,10.606705184140354
musdb_25,public_music,Tail-constrained,10,-40,17.255948379062428
musdb_25,public_music,Tail-constrained,40,-40,17.894721266436406
musdb_25,public_music,Tail-constrained,20,-30,17.606221097875874
musdb_25,public_music,Tail-constrained,20,-50,17.606221097875874
musdb_26,public_music,Global-only,10,-40,15.335420781011539
musdb_26,public_music,Global-only,40,-40,15.873365403127973
musdb_26,public_music,Global-only,20,-30,15.637433028264475
musdb_26,public_music,Global-only,20,-50,15.637433028264475
musdb_26,public_music,Tail-constrained,10,-40,15.335420781011539
musdb_26,public_music,Tail-constrained,40,-40,15.873365403127973
musdb_26,public_music,Tail-constrained,20,-30,15.637433028264475
musdb_26,public_music,Tail-constrained,20,-50,15.637433028264475
musdb_27,public_music,Global-only,10,-40,11.19756206741378
musdb_27,public_music,Global-only,40,-40,11.954856870806882
musdb_27,public_music,Global-only,20,-30,11.753135681927107
musdb_27,public_music,Global-only,20,-50,11.377788054932141
musdb_27,public_music,Tail-constrained,10,-40,16.08172213540728
musdb_27,public_music,Tail-constrained,40,-40,16.51742325457073
musdb_27,public_music,Tail-constrained,20,-30,16.29343114225557
musdb_27,public_music,Tail-constrained,20,-50,16.211704898860912
musdb_28,public_music,Global-only,10,-40,12.785956149151424
musdb_28,public_music,Global-only,40,-40,13.077069687920755
musdb_28,public_music,Global-only,20,-30,12.90578474423879
musdb_28,public_music,Global-only,20,-50,12.90578474423879
musdb_28,public_music,Tail-constrained,10,-40,14.928809764970081
musdb_28,public_music,Tail-constrained,40,-40,15.535191168214237
musdb_28,public_music,Tail-constrained,20,-30,15.236982549993561
musdb_28,public_music,Tail-constrained,20,-50,15.236982549993561
musdb_29,public_music,Global-only,10,-40,11.371227037702436
musdb_29,public_music,Global-only,40,-40,12.51827904109202
musdb_29,public_music,Global-only,20,-30,11.701416181307462
musdb_29,public_music,Global-only,20,-50,11.701416181307462
musdb_29,public_music,Tail-constrained,10,-40,17.378353864569153
musdb_29,public_music,Tail-constrained,40,-40,18.31691738606243
musdb_29,public_music,Tail-constrained,20,-30,17.75636235269641
musdb_29,public_music,Tail-constrained,20,-50,17.75636235269641
musdb_30,public_music,Global-only,10,-40,15.352879882475765
musdb_30,public_music,Global-only,40,-40,16.569294071638254
musdb_30,public_music,Global-only,20,-30,15.895375291190843
musdb_30,public_music,Global-only,20,-50,15.895375291190843
musdb_30,public_music,Tail-constrained,10,-40,15.352879882475765
musdb_30,public_music,Tail-constrained,40,-40,16.569294071638254
musdb_30,public_music,Tail-constrained,20,-30,15.895375291190843
musdb_30,public_music,Tail-constrained,20,-50,15.895375291190843
musdb_31,public_music,Global-only,10,-40,13.475108914540922
musdb_31,public_music,Global-only,40,-40,14.37353402698902
musdb_31,public_music,Global-only,20,-30,13.799505384736381
musdb_31,public_music,Global-only,20,-50,13.799505384736381
musdb_31,public_music,Tail-constrained,10,-40,17.805971878597006
musdb_31,public_music,Tail-constrained,40,-40,18.630970455980858
musdb_31,public_music,Tail-constrained,20,-30,18.190859480037336
musdb_31,public_music,Tail-constrained,20,-50,18.190859480037336
musdb_32,public_music,Global-only,10,-40,17.208582221560782
musdb_32,public_music,Global-only,40,-40,17.81097222552987
musdb_32,public_music,Global-only,20,-30,17.48761065913659
musdb_32,public_music,Global-only,20,-50,17.48761065913659
musdb_32,public_music,Tail-constrained,10,-40,17.208582221560782
musdb_32,public_music,Tail-constrained,40,-40,17.81097222552987
musdb_32,public_music,Tail-constrained,20,-30,17.48761065913659
musdb_32,public_music,Tail-constrained,20,-50,17.48761065913659
musdb_33,public_music,Global-only,10,-40,15.986794408209295
musdb_33,public_music,Global-only,40,-40,16.33127115202726
musdb_33,public_music,Global-only,20,-30,16.2583186900862
musdb_33,public_music,Global-only,20,-50,16.2583186900862
musdb_33,public_music,Tail-constrained,10,-40,15.986794408209295
musdb_33,public_music,Tail-constrained,40,-40,16.33127115202726
musdb_33,public_music,Tail-constrained,20,-30,16.2583186900862
musdb_33,public_music,Tail-constrained,20,-50,16.2583186900862
musdb_34,public_music,Global-only,10,-40,13.622325377334299
musdb_34,public_music,Global-only,40,-40,14.586105497825635
musdb_34,public_music,Global-only,20,-30,14.201648623304514
musdb_34,public_music,Global-only,20,-50,14.201648623304514
musdb_34,public_music,Tail-constrained,10,-40,17.95442405361245
musdb_34,public_music,Tail-constrained,40,-40,19.51798962954364
musdb_34,public_music,Tail-constrained,20,-30,19.01545454801672
musdb_34,public_music,Tail-constrained,20,-50,19.01545454801672
musdb_35,public_music,Global-only,10,-40,14.402557096940766
musdb_35,public_music,Global-only,40,-40,15.0324079965376
musdb_35,public_music,Global-only,20,-30,14.763983553854054
musdb_35,public_music,Global-only,20,-50,14.763983553854054
musdb_35,public_music,Tail-constrained,10,-40,19.826322856876793
musdb_35,public_music,Tail-constrained,40,-40,20.58913693573257
musdb_35,public_music,Tail-constrained,20,-30,20.251519773781407
musdb_35,public_music,Tail-constrained,20,-50,20.251519773781407
musdb_36,public_music,Global-only,10,-40,17.15845631848628
musdb_36,public_music,Global-only,40,-40,18.128635827973874
musdb_36,public_music,Global-only,20,-30,17.760259962228858
musdb_36,public_music,Global-only,20,-50,17.760259962228858
musdb_36,public_music,Tail-constrained,10,-40,17.15845631848628
musdb_36,public_music,Tail-constrained,40,-40,18.128635827973874
musdb_36,public_music,Tail-constrained,20,-30,17.760259962228858
musdb_36,public_music,Tail-constrained,20,-50,17.760259962228858
musdb_37,public_music,Global-only,10,-40,10.37590514373183
musdb_37,public_music,Global-only,40,-40,10.87517115733295
musdb_37,public_music,Global-only,20,-30,10.732508732409048
musdb_37,public_music,Global-only,20,-50,10.732508732409048
musdb_37,public_music,Tail-constrained,10,-40,14.85506104908439
musdb_37,public_music,Tail-constrained,40,-40,15.5094217851174
musdb_37,public_music,Tail-constrained,20,-30,15.218102620768736
musdb_37,public_music,Tail-constrained,20,-50,15.218102620768736
musdb_38,public_music,Global-only,10,-40,14.025450820085677
musdb_38,public_music,Global-only,40,-40,14.708958009405341
musdb_38,public_music,Global-only,20,-30,14.47050531924756
musdb_38,public_music,Global-only,20,-50,14.47050531924756
musdb_38,public_music,Tail-constrained,10,-40,14.588684911609182
musdb_38,public_music,Tail-constrained,40,-40,15.439049700698044
musdb_38,public_music,Tail-constrained,20,-30,15.038489215088337
musdb_38,public_music,Tail-constrained,20,-50,15.038489215088337
musdb_39,public_music,Global-only,10,-40,18.98818064407761
musdb_39,public_music,Global-only,40,-40,19.926397738669973
musdb_39,public_music,Global-only,20,-30,19.496042651189807
musdb_39,public_music,Global-only,20,-50,19.496042651189807
musdb_39,public_music,Tail-constrained,10,-40,18.98818064407761
musdb_39,public_music,Tail-constrained,40,-40,19.926397738669973
musdb_39,public_music,Tail-constrained,20,-30,19.496042651189807
musdb_39,public_music,Tail-constrained,20,-50,19.496042651189807
musdb_40,public_music,Global-only,10,-40,15.669864706265342
musdb_40,public_music,Global-only,40,-40,16.22795445869609
musdb_40,public_music,Global-only,20,-30,15.927187457487683
musdb_40,public_music,Global-only,20,-50,15.927187457487683
musdb_40,public_music,Tail-constrained,10,-40,15.669864706265342
musdb_40,public_music,Tail-constrained,40,-40,16.22795445869609
musdb_40,public_music,Tail-constrained,20,-30,15.927187457487683
musdb_40,public_music,Tail-constrained,20,-50,15.927187457487683
musdb_41,public_music,Global-only,10,-40,14.326392966715025
musdb_41,public_music,Global-only,40,-40,15.115255478800426
musdb_41,public_music,Global-only,20,-30,14.743667277058652
musdb_41,public_music,Global-only,20,-50,14.743667277058652
musdb_41,public_music,Tail-constrained,10,-40,19.303072428416495
musdb_41,public_music,Tail-constrained,40,-40,20.244286602616917
musdb_41,public_music,Tail-constrained,20,-30,19.790980444330224
musdb_41,public_music,Tail-constrained,20,-50,19.790980444330224
musdb_42,public_music,Global-only,10,-40,9.469325881682112
musdb_42,public_music,Global-only,40,-40,10.29514706617019
musdb_42,public_music,Global-only,20,-30,9.884010974765276
musdb_42,public_music,Global-only,20,-50,9.884010974765276
musdb_42,public_music,Tail-constrained,10,-40,18.382881049356815
musdb_42,public_music,Tail-constrained,40,-40,19.122658945950505
musdb_42,public_music,Tail-constrained,20,-30,18.752246778039478
musdb_42,public_music,Tail-constrained,20,-50,18.752246778039478
musdb_43,public_music,Global-only,10,-40,13.284882115929264
musdb_43,public_music,Global-only,40,-40,14.064691633518818
musdb_43,public_music,Global-only,20,-30,13.672895525301882
musdb_43,public_music,Global-only,20,-50,13.672895525301882
musdb_43,public_music,Tail-constrained,10,-40,14.37768148460343
musdb_43,public_music,Tail-constrained,40,-40,15.514996528679003
musdb_43,public_music,Tail-constrained,20,-30,15.029664541336851
musdb_43,public_music,Tail-constrained,20,-50,15.029664541336851
musdb_44,public_music,Global-only,10,-40,17.37122934191939
musdb_44,public_music,Global-only,40,-40,18.025174839656636
musdb_44,public_music,Global-only,20,-30,17.625257021403037
musdb_44,public_music,Global-only,20,-50,17.625257021403037
musdb_44,public_music,Tail-constrained,10,-40,17.37122934191939
musdb_44,public_music,Tail-constrained,40,-40,18.025174839656636
musdb_44,public_music,Tail-constrained,20,-30,17.625257021403037
musdb_44,public_music,Tail-constrained,20,-50,17.625257021403037
musdb_45,public_music,Global-only,10,-40,15.02501698112497
musdb_45,public_music,Global-only,40,-40,15.97916059551949
musdb_45,public_music,Global-only,20,-30,15.310810900666619
musdb_45,public_music,Global-only,20,-50,15.310810900666619
musdb_45,public_music,Tail-constrained,10,-40,15.02501698112497
musdb_45,public_music,Tail-constrained,40,-40,15.97916059551949
musdb_45,public_music,Tail-constrained,20,-30,15.310810900666619
musdb_45,public_music,Tail-constrained,20,-50,15.310810900666619
musdb_46,public_music,Global-only,10,-40,10.606622897278363
musdb_46,public_music,Global-only,40,-40,11.556443327938084
musdb_46,public_music,Global-only,20,-30,11.057402296137592
musdb_46,public_music,Global-only,20,-50,11.057402296137592
musdb_46,public_music,Tail-constrained,10,-40,17.29141279134622
musdb_46,public_music,Tail-constrained,40,-40,17.924082941841576
musdb_46,public_music,Tail-constrained,20,-30,17.560883687008527
musdb_46,public_music,Tail-constrained,20,-50,17.560883687008527
musdb_47,public_music,Global-only,10,-40,19.03680819037342
musdb_47,public_music,Global-only,40,-40,19.97652905456116
musdb_47,public_music,Global-only,20,-30,19.654489349656938
musdb_47,public_music,Global-only,20,-50,19.654489349656938
musdb_47,public_music,Tail-constrained,10,-40,19.03680819037342
musdb_47,public_music,Tail-constrained,40,-40,19.97652905456116
musdb_47,public_music,Tail-constrained,20,-30,19.654489349656938
musdb_47,public_music,Tail-constrained,20,-50,19.654489349656938
musdb_48,public_music,Global-only,10,-40,14.441967021649413
musdb_48,public_music,Global-only,40,-40,15.396194407924309
musdb_48,public_music,Global-only,20,-30,14.726161899603838
musdb_48,public_music,Global-only,20,-50,14.726161899603838
musdb_48,public_music,Tail-constrained,10,-40,18.933669363004675
musdb_48,public_music,Tail-constrained,40,-40,19.77841142248969
musdb_48,public_music,Tail-constrained,20,-30,19.216119188470152
musdb_48,public_music,Tail-constrained,20,-50,19.216119188470152
musdb_49,public_music,Global-only,10,-40,13.215787135871231
musdb_49,public_music,Global-only,40,-40,13.58139825157271
musdb_49,public_music,Global-only,20,-30,13.402662619551869
musdb_49,public_music,Global-only,20,-50,13.402662619551869
musdb_49,public_music,Tail-constrained,10,-40,19.239586885659783
musdb_49,public_music,Tail-constrained,40,-40,19.921304574683887
musdb_49,public_music,Tail-constrained,20,-30,19.599187420083858
musdb_49,public_music,Tail-constrained,20,-50,19.599187420083858
