source_id,filename,bytes,decoded_rate,actual_decoder,snr_db,tail_snr_db,raw_snr_db,delay_samples,delay_ms,distortion,tail_distortion,active_frames,decoded_samples,reference_samples
supplied_speech,语音_16000Hz_16bit.wav,191006,16000,pcm_s16le,20.332044876982533,7.951012483659344,20.332044876982533,0,0.0,0.009263935279781204,0.1602871664883098,95,286443,286442
supplied_speech,语音_16000Hz_8bit.wav,95525,16000,pcm_u8,18.387273270205245,3.19558700159679,18.387273270205245,0,0.0,0.014496817545314828,0.479116690107551,95,286443,286442
supplied_speech,语音_16000Hz_MP3_128kbps.mp3,97388,16000,mp3float,18.099306155231837,6.491466676733227,18.099306155231837,0,0.0,0.015490640832946703,0.22431242595960588,95,286443,286442
supplied_speech,语音_16000Hz_MP3_64kbps.mp3,48716,16000,mp3float,17.955196307531033,6.39221598050228,17.955196307531033,0,0.0,0.01601328264301786,0.22949773408682805,95,286443,286442
supplied_speech,语音_22050Hz_16bit.wav,263214,22050,pcm_s16le,38.4676989899026,25.875517514484557,38.4676989899026,0,0.0,0.0001423082575208513,0.002584926795868087,95,286444,286442
supplied_speech,语音_32000Hz_16bit.wav,381968,32000,pcm_s16le,64.60194799388579,53.22052571980234,64.60194799388579,0,0.0,3.4658135922860443e-07,4.763733176303677e-06,95,286443,286442
supplied_speech,语音_44100Hz_16bit.wav,526382,44100,pcm_s16le,67.54424936421418,55.40978618285053,67.54424936421418,0,0.0,1.760252880105807e-07,2.877540081806716e-06,95,286443,286442
supplied_speech,语音_44100Hz_8bit.wav,263213,44100,pcm_u8,22.828030375939598,3.999412298883505,22.828030375939598,0,0.0,0.005214311383462094,0.3981610473282969,95,286443,286442
supplied_speech,语音_44100Hz_AAC_128kbps.aac,43845,44100,aac,36.11515432857132,20.80210395066434,36.11515432857132,0,0.0,0.0002446158349128052,0.008313609186174123,95,286417,286442
supplied_speech,语音_44100Hz_AAC_192kbps.aac,55939,44100,aac,52.898691715700224,35.351409021242894,52.898691715700224,0,0.0,5.130159034700203e-06,0.0002916480640044776,95,286417,286442
supplied_speech,语音_44100Hz_AAC_96kbps.aac,33980,44100,aac,30.47474666699529,14.858309063583485,30.47474666699529,0,0.0,0.0008964484761290813,0.03267150147186145,95,286417,286442
supplied_speech,语音_44100Hz_MP3_128kbps.mp3,96591,44100,mp3float,25.780709447749842,22.384424829621025,25.780709447749842,0,0.0,0.002641977138244248,0.005775073514954141,95,286443,286442
supplied_speech,语音_44100Hz_MP3_192kbps.mp3,144865,44100,mp3float,30.44030160043441,29.616015568466597,30.44030160043441,0,0.0,0.0009035867209999088,0.0010924421370638853,95,286443,286442
supplied_speech,语音_44100Hz_MP3_320kbps.mp3,241414,44100,mp3float,62.35366763950872,50.62875001699574,62.35366763950872,0,0.0,5.816118360894761e-07,8.652169090005445e-06,95,286443,286442
supplied_speech,语音_44100Hz_MP3_64kbps.mp3,48317,44100,mp3float,18.39772341678743,6.99113413735647,18.39772341678743,0,0.0,0.014461976727437941,0.19993396843366343,95,286443,286442
supplied_speech,语音_48000Hz_16bit.wav,572928,48000,pcm_s16le,78.11838198067203,57.02745081797537,78.11838198067203,0,0.0,1.542274940070985e-08,1.9826904658328156e-06,95,286442,286442
supplied_speech,语音_48000Hz_24bit.wav,859370,48000,pcm_s24le,120.0,120.0,120.0,0,0.0,0.0,0.0,95,286442,286442
supplied_speech,语音_8000Hz_16bit.wav,95526,8000,pcm_s16le,13.434818364039778,0.6104004332470844,13.434818364039778,0,0.0,0.0453438261633084,0.8688803120801796,95,286446,286442
supplied_music,音乐_16000Hz_16bit.wav,320044,16000,pcm_s16le,27.232335786765056,14.285323129696666,27.232335786765056,0,0.0,0.0018913261240803862,0.03727929468623911,500,480000,480000
supplied_music,音乐_16000Hz_MP3_128kbps.mp3,161900,16000,mp3float,23.560708831139777,13.79187337670131,23.560708831139777,0,0.0,0.004404829644757766,0.04176501698202326,500,480000,480000
supplied_music,音乐_22050Hz_16bit.wav,441044,22050,pcm_s16le,28.078471979985693,15.046403618588457,28.078471979985693,0,0.0,0.0015565131782657741,0.031286691375341145,500,480000,480000
supplied_music,音乐_32000Hz_16bit.wav,640044,32000,pcm_s16le,29.981599085194446,16.7723960523661,29.981599085194446,0,0.0,0.0010042459558488215,0.021026180812423353,500,480000,480000
supplied_music,音乐_44100Hz_16bit.wav,882044,44100,pcm_s16le,35.0329904478736,21.52767230979045,35.0329904478736,0,0.0,0.00031383469590883504,0.007034492468928741,500,480000,480000
supplied_music,音乐_44100Hz_8bit.wav,441044,44100,pcm_u8,28.421036189595142,10.790545160888529,28.421036189595142,0,0.0,0.001438455334135014,0.08335765409113054,500,480000,480000
supplied_music,音乐_44100Hz_AAC_128kbps.aac,167226,44100,aac,32.05331229157668,19.017650094652442,32.05331229157668,0,0.0,0.0006232593046895408,0.012538194151906726,500,480000,480000
supplied_music,音乐_44100Hz_AAC_192kbps.aac,190683,44100,aac,32.05943203752268,17.92343302244642,32.05943203752268,0,0.0,0.000622381673797998,0.016130829386706846,500,480000,480000
supplied_music,音乐_44100Hz_AAC_256kbps.aac,190829,44100,aac,32.30075028158125,19.7929461297059,32.30075028158125,0,0.0,0.0005887419362670022,0.010488306904883704,500,480000,480000
supplied_music,音乐_44100Hz_MP3_128kbps.mp3,160957,44100,mp3float,25.233954664939517,18.710400039276426,25.233954664939517,0,0.0,0.002996432738883657,0.013457363892742465,500,480000,480000
supplied_music,音乐_44100Hz_MP3_192kbps.mp3,241414,44100,mp3float,28.73370571854247,19.77197220705986,28.73370571854247,0,0.0,0.0013385340647290903,0.010539081895972906,500,480000,480000
supplied_music,音乐_44100Hz_MP3_320kbps.mp3,402328,44100,mp3float,33.501363236122145,20.212976123974755,33.501363236122145,0,0.0,0.0004465434016415329,0.009521434575660927,500,480000,480000
supplied_music,音乐_44100Hz_MP3_64kbps.mp3,80500,44100,mp3float,23.88632831382809,14.929233167603346,23.88632831382809,0,0.0,0.004086647406104793,0.03214228023766691,500,480000,480000
supplied_music,音乐_48000Hz_16bit.wav,960044,48000,pcm_s16le,80.37876505320071,64.1797415417287,80.37876505320071,0,0.0,9.164810608860223e-09,3.8196700186647315e-07,500,480000,480000
supplied_music,音乐_48000Hz_24bit.wav,1440044,48000,pcm_s24le,120.0,120.0,120.0,0,0.0,0.0,0.0,500,480000,480000
supplied_music,音乐_8000Hz_16bit.wav,160044,8000,pcm_s16le,26.348892825551236,13.287621168603822,26.348892825551236,0,0.0,0.002317985513387569,0.04690702432212365,500,480000,480000
