codec,rate,depth,bitrate,config,extension
wav,8000,8,0,wav_8000_8,.wav
wav,8000,16,0,wav_8000_16,.wav
wav,8000,24,0,wav_8000_24,.wav
mp3,8000,0,32000,mp3_8000_32000,.mp3
mp3,8000,0,64000,mp3_8000_64000,.mp3
mp3,8000,0,96000,mp3_8000_96000,.mp3
mp3,8000,0,128000,mp3_8000_128000,.mp3
aac,8000,0,32000,aac_8000_32000,.aac
aac,8000,0,64000,aac_8000_64000,.aac
aac,8000,0,96000,aac_8000_96000,.aac
aac,8000,0,128000,aac_8000_128000,.aac
wav,16000,8,0,wav_16000_8,.wav
wav,16000,16,0,wav_16000_16,.wav
wav,16000,24,0,wav_16000_24,.wav
mp3,16000,0,32000,mp3_16000_32000,.mp3
mp3,16000,0,64000,mp3_16000_64000,.mp3
mp3,16000,0,96000,mp3_16000_96000,.mp3
mp3,16000,0,128000,mp3_16000_128000,.mp3
aac,16000,0,32000,aac_16000_32000,.aac
aac,16000,0,64000,aac_16000_64000,.aac
aac,16000,0,96000,aac_16000_96000,.aac
aac,16000,0,128000,aac_16000_128000,.aac
opus,48000,0,32000,opus_48000_32000,.ogg
opus,48000,0,64000,opus_48000_64000,.ogg
opus,48000,0,96000,opus_48000_96000,.ogg
opus,48000,0,128000,opus_48000_128000,.ogg
wavfloat,16000,32,0,wavfloat_16000_32,.wav
